ALGARIN,Cuauhtemoc
AMP. ASTURIAS,Cuauhtemoc
ASTURIAS,Cuauhtemoc
ATLAMPA,Cuauhtemoc
BUENAVISTA,Cuauhtemoc
CENTRO,Cuauhtemoc
CENTRO - ZONA NORTE,Cuauhtemoc
CENTRO - ZONA ORIENTE,Cuauhtemoc
CENTRO - ZONA PONIENTE,Cuauhtemoc
CENTRO - ZONA SUR,Cuauhtemoc
CENTRO HISTORICO,Cuauhtemoc
CONDESA,Cuauhtemoc
CUAUHTEMOC,Cuauhtemoc
DOCTORES,Cuauhtemoc
GUERRERO,Cuauhtemoc
HIPODROMO,Cuauhtemoc
HIPODROMO CONDESA,Cuauhtemoc
JUAREZ,Cuauhtemoc
JUAREZ - ZONA CENTRO,Cuauhtemoc
JUAREZ - ZONA PONIENTE,Cuauhtemoc
JUAREZ - ZONA ROSA ,Cuauhtemoc
NONOALCO TLATELOLCO,Cuauhtemoc
NONOALCO TLATELOLCO - ZONA ORIENTE,Cuauhtemoc
NONOALCO TLATELOLCO - ZONA PONIENTE,Cuauhtemoc
OBRERA,Cuauhtemoc
PAULINO NAVARRO,Cuauhtemoc
ROMA NORTE,Cuauhtemoc
ROMA SUR,Cuauhtemoc
SAN RAFAEL,Cuauhtemoc
SAN SIMON TOLNAHUAC,Cuauhtemoc
SANTA MARIA INSURGENTES,Cuauhtemoc
SANTA MARIA LA RIBERA,Cuauhtemoc
TABACALERA,Cuauhtemoc
TRANSITO,Cuauhtemoc
VISTA ALEGRE,Cuauhtemoc
ARGENTINA ANTIGUA,Miguel Hidalgo
16 DE SEPTIEMBRE,Miguel Hidalgo
AMERICA,Miguel Hidalgo
10 DE ABRIL,Miguel Hidalgo
5 DE MAYO,Miguel Hidalgo
AMP. DANIEL GARZA,Miguel Hidalgo
AMP. GRANADA,Miguel Hidalgo
AMP. POPO,Miguel Hidalgo
AMP. TORRE BLANCA,Miguel Hidalgo
ANZURES,Miguel Hidalgo
ANAHUAC 1A SECC.,Miguel Hidalgo
ANAHUAC 2A SECC.,Miguel Hidalgo
ARGENTINA PONIENTE,Miguel Hidalgo
BOSQUES DE LAS LOMAS,Miguel Hidalgo
CUAUHTEMOC PENSIL,Miguel Hidalgo
DANIEL GARZA,Miguel Hidalgo
DOS LAGOS,Miguel Hidalgo
ESCANDON 1A SECC.,Miguel Hidalgo
ESCANDON 2A SECC.,Miguel Hidalgo
FRANCISCO I. MADERO,Miguel Hidalgo
GRANADA,Miguel Hidalgo
HIPODROMO DE LAS AMERICAS,Miguel Hidalgo
HUICHAPAN,Miguel Hidalgo
IGNACIO MANUEL ALTAMIRANO,Miguel Hidalgo
IRRIGACION,Miguel Hidalgo
LAGO NORTE,Miguel Hidalgo
LAGO SUR,Miguel Hidalgo
LEGARIA,Miguel Hidalgo
LOMA HERMOSA,Miguel Hidalgo
LOMAS DE CHAPULTEPEC 1A SECC.,Miguel Hidalgo
LOMAS DE CHAPULTEPEC 2A SECC.,Miguel Hidalgo
LOMAS DE CHAPULTEPEC 3A SECC.,Miguel Hidalgo
LOMAS DE CHAPULTEPEC 4A SECC.,Miguel Hidalgo
LOMAS DE CHAPULTEPEC 5A SECC.,Miguel Hidalgo
LOMAS DE CHAPULTEPEC 6A SECC.,Miguel Hidalgo
LOMAS DE CHAPULTEPEC 7A SECC.,Miguel Hidalgo
LOMAS DE CHAPULTEPEC 8A SECC.,Miguel Hidalgo
LOMAS DE REFORMA,Miguel Hidalgo
LOMAS DE SAN ISIDRO,Miguel Hidalgo
LOMAS DE SOTELO,Miguel Hidalgo
LOS MANZANOS,Miguel Hidalgo
MARIANO ESCOBEDO,Miguel Hidalgo
MOLINO DEL REY,Miguel Hidalgo
MEXICO NUEVO,Miguel Hidalgo
NEXTITLA,Miguel Hidalgo
OBSERVATORIO,Miguel Hidalgo
PERALITOS,Miguel Hidalgo
PERIODISTA,Miguel Hidalgo
POLANCO 1A SECC.,Miguel Hidalgo
POLANCO 2A SECC.,Miguel Hidalgo
POLANCO 3A SECC.,Miguel Hidalgo
POLANCO 4A SECC.,Miguel Hidalgo
POLANCO 5A SECC.,Miguel Hidalgo
POPO,Miguel Hidalgo
POPOTLA,Miguel Hidalgo
REAL DE LAS LOMAS,Miguel Hidalgo
REFORMA SOCIAL,Miguel Hidalgo
RESIDENCIA MILITAR,Miguel Hidalgo
SAN DIEGO OCOYOACAC,Miguel Hidalgo
SAN JOAQUIN,Miguel Hidalgo
SAN MIGUEL CHAPULTEPEC 1A SECC.,Miguel Hidalgo
SAN MIGUEL CHAPULTEPEC 2A SECC.,Miguel Hidalgo
SANTO TOMAS,Miguel Hidalgo
TACUBA,Miguel Hidalgo
TACUBAYA,Miguel Hidalgo
TLAXPANA,Miguel Hidalgo
TORRE BLANCA,Miguel Hidalgo
UN HOGAR PARA NOSOTROS,Miguel Hidalgo
VENTURA PEREZ DE ALBA,Miguel Hidalgo
VERONICA ANZURES,Miguel Hidalgo
8 DE AGOSTO,Benito Juarez
ACACIAS,Benito Juarez
ACTIPAN,Benito Juarez
ALAMOS,Benito Juarez
AMERICAS UNIDAS,Benito Juarez
AMP. NAPOLES,Benito Juarez
ATENOR SALAS,Benito Juarez
CIUDAD DE LOS DEPORTES,Benito Juarez
CREDITO CONSTRUCTOR,Benito Juarez
DEL LAGO,Benito Juarez
DEL VALLE CENTRO,Benito Juarez
DEL VALLE NORTE,Benito Juarez
DEL VALLE SUR,Benito Juarez
EXTREMADURA INSURGENTES,Benito Juarez
GENERAL PEDRO MARIA ANAYA,Benito Juarez
INDEPENDENCIA,Benito Juarez
INSURGENTES MIXCOAC,Benito Juarez
INSURGENTES SAN BORJA,Benito Juarez
JOSEFA ORTIZ DE DOMINGUEZ,Benito Juarez
LETRAN VALLE,Benito Juarez
MERCED GOMEZ,Benito Juarez
MIGUEL ALEMAN,Benito Juarez
MIXCOAC,Benito Juarez
NAPOLES,Benito Juarez
NARVARTE ORIENTE,Benito Juarez
NARVARTE PONIENTE,Benito Juarez
NIÑOS HEROES,Benito Juarez
NOCHE BUENA,Benito Juarez
PERIODISTA,Benito Juarez
PIEDAD NARVARTE,Benito Juarez
PORTALES NORTE,Benito Juarez
PORTALES SUR,Benito Juarez
POSTAL,Benito Juarez
RESIDENCIAL EMPERADORES,Benito Juarez
SAN JOSE INSURGENTES,Benito Juarez
SAN JUAN,Benito Juarez
SAN PEDRO DE LOS PINOS,Benito Juarez
SAN SIMON TICUMAC,Benito Juarez
SANTA CRUZ ATOYAC,Benito Juarez
SANTA MARIA NONOALCO,Benito Juarez
TLACOQUEMECATL,Benito Juarez
VERTIZ NARVARTE,Benito Juarez
XOCO,Benito Juarez
BARRIO LA OTRA BANDA,Alvaro Obregón
BARRIO LORETO,Alvaro Obregón
BARRIO SANTA MARIA NONOALCO,Alvaro Obregón
8 DE AGOSTO,Alvaro Obregón
ALFONSO XIII,Alvaro Obregón
ALTAVISTA,Alvaro Obregón
ATLAMAYA,Alvaro Obregón
BELEM DE LAS FLORES,Alvaro Obregón
BELLAVISTA,Alvaro Obregón
CAMPESTRE,Alvaro Obregón
CARLOS A. MADRAZO,Alvaro Obregón
CAROLA,Alvaro Obregón
CHIMALISTAC,Alvaro Obregón
COVE,Alvaro Obregón
ERMITA TIZAPAN,Alvaro Obregón
EXHACIENDA DE GUADALUPE CHIMALISTAC,Alvaro Obregón
FLOR DE MARIA,Alvaro Obregón
FLORIDA,Alvaro Obregón
GUADALUPE INN,Alvaro Obregón
HIDALGO,Alvaro Obregón
JARDINES DEL PEDREGAL,Alvaro Obregón
JOSE MARIA PINO SUAREZ,Alvaro Obregón
LA CASCADA,Alvaro Obregón
LAS AMERICAS,Alvaro Obregón
LAS AGUILAS,Alvaro Obregón
LOMAS DE PLATEROS,Alvaro Obregón
LOMAS DE SAN ANGEL INN,Alvaro Obregón
LOS ALPES,Alvaro Obregón
MOLINO DE ROSAS,Alvaro Obregón
PASEO DE LAS LOMAS,Alvaro Obregón
PROGRESO TIZAPAN,Alvaro Obregón
SACRAMENTO,Alvaro Obregón
SAN GABRIEL,Alvaro Obregón
SAN PEDRO DE LOS PINOS,Alvaro Obregón
SAN ANGEL,Alvaro Obregón
SAN ANGEL INN,Alvaro Obregón
SANTA FE CENTRO CIUDAD,Alvaro Obregón
SANTA FE PEÑA BLANCA,Alvaro Obregón
TOLTECA,Alvaro Obregón
PUEBLO AXOTLA,Alvaro Obregón
PUEBLO TIZAPAN,Alvaro Obregón
PUEBLO TLACOPAC,Alvaro Obregón
BARRIO DE NIÑO JESUS,Alvaro Obregón
BARRIO OXTOPULCO UNIVERSIDAD,Alvaro Obregón
BARRIO SAN LUCAS,Alvaro Obregón
BARRIO SANTA CATARINA,Alvaro Obregón
CIUDAD UNIVERSITARIA,Alvaro Obregón
ATLANTIDA,Alvaro Obregón
AVANTE,Alvaro Obregón
BOSQUES DE TETLAMAYA,Alvaro Obregón
CAMPESTRE CHURUBUSCO,Alvaro Obregón
CAMPESTRE COYOACAN,Alvaro Obregón
CANTIL DE PEDREGAL,Alvaro Obregón
CHURUBUSCO COUNTRY CLUB,Alvaro Obregón
CIUDAD JARDIN,Alvaro Obregón
COPILCO EL ALTO,Alvaro Obregón
COPILCO EL BAJO,Alvaro Obregón
COPILCO UNIVERSIDAD,Alvaro Obregón
CUADRANTE DE SAN FRANCISCO,Alvaro Obregón
DEL CARMEN,Alvaro Obregón
EDUCACION,Alvaro Obregón
EL CARACOL,Alvaro Obregón
EL CENTINELA,Alvaro Obregón
EL PARQUE DE COYOACAN,Alvaro Obregón
EL RELOJ,Alvaro Obregón
EL ROSARIO,Alvaro Obregón
EL ROSEDAL,Alvaro Obregón
EMILIANO ZAPATA,Alvaro Obregón
ESPARTACO,Alvaro Obregón
EXEJIDO DE SAN FRANCISCO CULHUACAN,Alvaro Obregón
EXEJIDO SANTA URSULA COAPA,Alvaro Obregón
EXHACIENDA COAPA,Alvaro Obregón
HERMOSILLO,Alvaro Obregón
INSURGENTES CUICUILCO,Alvaro Obregón
JARDINES DE COYOACAN,Alvaro Obregón
JARDINES DEL PEDREGAL DE SAN ANGEL,Alvaro Obregón
JOYAS DEL PEDREGAL,Alvaro Obregón
LA OTRA BANDA,Alvaro Obregón
LOS CIPRESES,Alvaro Obregón
LOS OLIVOS,Alvaro Obregón
NUEVA DIAZ ORDAZ,Alvaro Obregón
OLIMPICA,Alvaro Obregón
PARQUE SAN ANDRES,Alvaro Obregón
PASEOS DE TAXQUEÑA,Alvaro Obregón
PEDREGAL DE CARRASCO,Alvaro Obregón
PEDREGAL DE SAN FRANCISCO,Alvaro Obregón
PEDREGAL DE SANTA URSULA,Alvaro Obregón
PEDREGAL DE SANTO DOMINGO,Alvaro Obregón
PETROLERA TAXQUEÑA,Alvaro Obregón
PRADO CHURUBUSCO,Alvaro Obregón
PRADOS DE COYOACAN,Alvaro Obregón
PRESIDENTES EJIDALES SECC. 1,Alvaro Obregón
PRESIDENTES EJIDALES SECC. 2,Alvaro Obregón
ROMERO DE TERREROS,Alvaro Obregón
SAN DIEGO CHURUBUSCO,Alvaro Obregón
SAN MATEO,Alvaro Obregón
VIEJO EJIDO DE SANTA URSULA COAPA,Alvaro Obregón
VILLA COYOACAN,Alvaro Obregón
XOTEPINGO,Alvaro Obregón
PUEBLO DE SAN PUEBLO TEPETLAPA,Alvaro Obregón
PUEBLO DE SANTA URSULA COAPA,Alvaro Obregón
SAN FRANCISCO CULHUACAN BARRIO DE SANTA ANA,Alvaro Obregón
SAN FRANCISCO CULHUACAN BARRIO DE LA MAGDALENA,Alvaro Obregón
SAN FRANCISCO CULHUACAN BARRIO DE SAN FRANCISCO,Alvaro Obregón
SAN FRANCISCO CULHUACAN BARRIO DE SAN JUAN,Alvaro Obregón
CADEC SANTA FE ,Alvaro Obregón
CREDITO CONSTRUCTOR,Alvaro Obregón
DESARROLLO SANTA FE,Alvaro Obregón
GUADALUPE CHIMALISTAC,Alvaro Obregón
HACIENDA GUADALUPE CHIMALISTAC,Alvaro Obregón
LOMAS DE SANTA FE,Alvaro Obregón
OLIVAR DE LOS PADRES,Alvaro Obregón
PEDREGAL DE SAN ANGEL,Alvaro Obregón
PEÑA BLANCA SANTA FE,Alvaro Obregón
PRIMERA VICTORIA ,Alvaro Obregón
PROGRESO TIZAPAN,Alvaro Obregón
RANCHO SAN FRANCISCO,Alvaro Obregón
SANTA FE,Alvaro Obregón
TIZAPAN SAN ANGEL,Alvaro Obregón
VILLAS CUAJIMALPA,Alvaro Obregón
ZEDEC SANTA FE,Alvaro Obregón
PLAZAS DEL CONDADO,Atizapan De Zaragoza
LAS ARBOLEDAS,Atizapan De Zaragoza
MARGARITA MAZA DE JUAREZ,Atizapan De Zaragoza
LOMAS DE ATIZAPAN,Atizapan De Zaragoza
SAN PABLO XALPA,Azcapotzalco
AZCAPOTZALCO,Azcapotzalco
ACTIPAN DEL VALLE,Benito Juarez
TLACOQUEMECATL DEL VALLE,Benito Juarez
INTERIOR KL-01 RANCHO LA PALMA,Coacalco
ZACAOUTLA,Coacalco
AMPLIACION JARDINES DEL PEDREGAL ,Coyoacán
CENTRO CULTURAL UNIVERSITARIO,Coyoacán
COUNTRY CLUB,Coyoacán
EJIDO VIEJO DE SANTA URSULA COAPA,Coyoacán
LOS GIRASOLES,Coyoacán
LOS ROBLES,Coyoacán
SAN PABLO TEPETLAPA,Coyoacán
SANTA URSULA COAPA,Coyoacán
VIVEROS DE COYOACAN,Coyoacán
BOSQUES DE LA LOMAS SECC. XV,Cuajimalpa De Morelos
ANTIGUA MINA LA TOTOLAPA,Cuajimalpa De Morelos
BOSQUES DE LAS LOMAS,Cuajimalpa De Morelos
CENTRO SANTA FE,Cuajimalpa De Morelos
CRUZ MANCA,Cuajimalpa De Morelos
CRUZ MANCA SANTA FE,Cuajimalpa De Morelos
LOMAS DE SANTA FE,Cuajimalpa De Morelos
LOMAS DE VISTAHERMOSA,Cuajimalpa De Morelos
PALO ALTO GRANGAS,Cuajimalpa De Morelos
SANTA FE,Cuajimalpa De Morelos
TLAXCALA SANTA FE,Cuajimalpa De Morelos
SAN MIGUEL CHAPULTEPEC,Cuauhtemoc
ROMA,Cuauhtemoc
ROMA MEXICO,Cuauhtemoc
HACIENDA DEL PARQUE,Cuautitlan Izcalli
CENTRO URBANO,Cuautitlan Izcalli
JARDINES DEL SUR,Cuautitlan Izcalli
CENTRO URBANO,Cuautitlan Izcalli
FRACCIONAMIENTO LAS AMERICAS,Ecatepec De Morelos
RINCONADA DE ARAGON,Ecatepec De Morelos
SERGIO MENDEZ ARCEO,Ecatepec De Morelos
ZACATENCO,Gustavo A. Madero
NUEVA INDUSTRIAL VALLEJO,Gustavo A. Madero
MAGDALENA DE LAS SALINAS,Gustavo A. Madero
LINDAVISTA,Gustavo A. Madero
TORRES LINDAVISTA,Gustavo A. Madero
BOSQUES DE LA HERRADURA,Huixquilucan
BOSQUES DE LAS PALMAS,Huixquilucan
CENTRO URBANO SAN FERNANDO,Huixquilucan
CENTRO URBANO SAN FERNANDO LA HERRADURA,Huixquilucan
EX HACIENDA JESUS DEL MONTE,Huixquilucan
HUIXQUILUCAN,Huixquilucan
LA HERRADURA,Huixquilucan
LOMAS ANAHUAC,Huixquilucan
SAN FERNANDO LA HERRADURA,Huixquilucan
VALLE DE LAS PALMAS,Huixquilucan
ALFONSO ORTIZ TIRADO,Iztapalapa
GRANJAS MEXICO,Iztacalco
NUEVA ROSITA,Iztapalapa
SANTIAGO NORTE,Iztacalco
SECTOR POPULAR,Iztapalapa
SAN NICOLAS TOTOLAPAN,La Magdalena Contreras
FUENTES DEL PEDREGAL,La Magdalena Contreras
LA CONCEPCION,La Magdalena Contreras
LA MALINCHE,La Magdalena Contreras
SAN JERONIMO LIDICE,La Magdalena Contreras
ANAHUAC,Miguel Hidalgo
BOSQUES DE CHAPULTEPEC,Miguel Hidalgo
CASCO DE SANTO TOMAS,Miguel Hidalgo
CHAPULTEPEC MORALES,Miguel Hidalgo
CHAPULTEPEC POLANCO,Miguel Hidalgo
ESCANDON,Miguel Hidalgo
LOMAS ALTAS,Miguel Hidalgo
LOMAS DE BARRILACO,Miguel Hidalgo
LOMAS DE CHAPULTEPEC,Miguel Hidalgo
LOMAS DE VIRREYES,Miguel Hidalgo
LOMAS VIRREYES,Miguel Hidalgo
LOS MORALES POLANCO,Miguel Hidalgo
MORALES POLANCO,Miguel Hidalgo
NUEVA ANZURES,Miguel Hidalgo
POLANCO,Miguel Hidalgo
POLANCO CHAPULTEPEC,Miguel Hidalgo
SAN RAFAEL,Miguel Hidalgo
"
FLORIDA",Naucalpan De Juarez
BOSQUES DE ECHEGARAY,Naucalpan De Juarez
BOULEVARES,Naucalpan De Juarez
CIUDAD SATELITE,Naucalpan De Juarez
LA CONCORDIA,Naucalpan De Juarez
LA FLORIDA,Naucalpan De Juarez
LA SOLEDAD,Naucalpan De Juarez
LOMAS DE TECAMACHALCO,Naucalpan De Juarez
SANTA CRUZ ACATLAN,Naucalpan De Juarez
BELLAVISTA,Tlalnepantla De Baz
VALLE DORADO,Tlalnepantla De Baz
LOS PIRULES,Tlalnepantla De Baz
TLALNEPANTLA CENTRO,Tlalnepantla De Baz
GRANJAS COAPA ,Tlalpan
AMSA,Tlalpan
BOSQUES DEL PEDREGAL,Tlalpan
EL METRO,Tlalpan
EXHACIENDA COAPA,Tlalpan
FUENTES DEL PEDREGAL,Tlalpan
HEROES DE PADIERNA,Tlalpan
ISIDRO FABELA,Tlalpan
JARDINES EN LA MONTAÑA,Tlalpan
LA JOYA,Tlalpan
PRADO COAPA,Tlalpan
SANTA URSULA XITLA,Tlalpan
TEPEPAN,Tlalpan
TORIELLO GUERRA,Tlalpan
VERGEL COAPA,Venustiano Carranza
PEÑON DE LOS BAÑOS,Venustiano Carranza
JARDIN BALBUENA,Venustiano Carranza
PEÑON DE LOS BAÑOS,Venustiano Carranza
JARDIN BALBUENA,Venustiano Carranza
LA NORIA,Xochimilco
